pair_id,nb_classes_v1,nb_classes_v2,delta_classes,nb_added_classes,nb_removed_classes,nb_attributes_v1,nb_attributes_v2,delta_attributes,nb_added_attributes,nb_removed_attributes,nb_type_changes,nb_references_v1,nb_references_v2,delta_references,nb_added_references,nb_removed_references,nb_multiplicity_changes,nb_containment_changes,nb_abstract_changes,nb_supertype_changes,nsuri_changed,label
3DPrint__3DPrint_v1__to__3DPrint_v2,3,4,1,1,0,9,12,3,1,0,0,2,3,1,1,0,0,0,0,0,0,MIXED
3DPrint__3DPrint_v2__to__3DPrint_v3,4,4,0,0,0,12,12,0,0,0,1,3,4,1,1,0,0,0,0,0,0,MIXED
AeroEng__AeroEng_v1__to__AeroEng_v2,3,4,1,1,0,9,12,3,1,0,0,2,3,1,1,0,0,0,0,0,0,MIXED
AeroEng__AeroEng_v2__to__AeroEng_v3,4,4,0,0,0,12,12,0,0,0,1,3,4,1,1,0,0,0,0,0,0,MIXED
AgriFarm__AgriFarm_v1__to__AgriFarm_v2,3,4,1,1,0,9,12,3,1,0,0,2,3,1,1,0,0,0,0,0,0,MIXED
AgriFarm__AgriFarm_v2__to__AgriFarm_v3,4,4,0,0,0,12,12,0,0,0,1,3,4,1,1,0,0,0,0,0,0,MIXED
AirTraffic__AirTraffic_v1__to__AirTraffic_v2,3,4,1,1,0,9,12,3,1,0,0,2,3,1,1,0,0,0,0,0,0,MIXED
AirTraffic__AirTraffic_v2__to__AirTraffic_v3,4,4,0,0,0,12,12,0,0,0,1,3,4,1,1,0,0,0,0,0,0,MIXED
AR_VR__AR_VR_v1__to__AR_VR_v2,3,4,1,1,0,9,12,3,1,0,0,2,3,1,1,0,0,0,0,0,0,MIXED
AR_VR__AR_VR_v2__to__AR_VR_v3,4,4,0,0,0,12,12,0,0,0,1,3,4,1,1,0,0,0,0,0,0,MIXED
AutoDiag__AutoDiag_v1__to__AutoDiag_v2,3,4,1,1,0,9,12,3,1,0,0,2,3,1,1,0,0,0,0,0,0,MIXED
AutoDiag__AutoDiag_v2__to__AutoDiag_v3,4,4,0,0,0,12,12,0,0,0,1,3,4,1,1,0,0,0,0,0,0,MIXED
banking__banking_v1__to__banking_v2,3,4,1,1,0,9,12,3,1,0,0,2,3,1,1,0,0,0,0,0,0,MIXED
banking__banking_v2__to__banking_v3,4,4,0,0,0,12,12,0,0,0,1,3,4,1,1,0,0,0,0,0,0,MIXED
banking__banking_v3__to__banking_v4,4,4,0,4,4,12,18,6,0,0,0,4,3,-1,0,0,0,0,0,0,1,MIXED
bank__bank_v1__to__bank_v2,3,4,1,1,0,9,12,3,1,0,0,2,3,1,1,0,0,0,0,0,0,MIXED
bank__bank_v2__to__bank_v3,4,4,0,0,0,12,12,0,0,0,1,3,4,1,1,0,0,0,0,0,0,MIXED
BigData__BigData_v1__to__BigData_v2,3,4,1,1,0,9,12,3,1,0,0,2,3,1,1,0,0,0,0,0,0,MIXED
BigData__BigData_v2__to__BigData_v3,4,4,0,0,0,12,12,0,0,0,1,3,4,1,1,0,0,0,0,0,0,MIXED
BioMed__BioMed_v1__to__BioMed_v2,3,4,1,1,0,9,12,3,1,0,0,2,3,1,1,0,0,0,0,0,0,MIXED
BioMed__BioMed_v2__to__BioMed_v3,4,4,0,0,0,12,12,0,0,0,1,3,4,1,1,0,0,0,0,0,0,MIXED
BugTrack__BugTrack_v1__to__BugTrack_v2,3,4,1,1,0,9,12,3,1,0,0,2,3,1,1,0,0,0,0,0,0,MIXED
BugTrack__BugTrack_v2__to__BugTrack_v3,4,4,0,0,0,12,12,0,0,0,1,3,4,1,1,0,0,0,0,0,0,MIXED
BusIntel__BusIntel_v1__to__BusIntel_v2,3,4,1,1,0,9,12,3,1,0,0,2,3,1,1,0,0,0,0,0,0,MIXED
BusIntel__BusIntel_v2__to__BusIntel_v3,4,4,0,0,0,12,12,0,0,0,1,3,4,1,1,0,0,0,0,0,0,MIXED
CAD_CAM__CAD_CAM_v1__to__CAD_CAM_v2,3,4,1,1,0,9,12,3,1,0,0,2,3,1,1,0,0,0,0,0,0,MIXED
CAD_CAM__CAD_CAM_v2__to__CAD_CAM_v3,4,4,0,0,0,12,12,0,0,0,1,3,4,1,1,0,0,0,0,0,0,MIXED
ChatBot__ChatBot_v1__to__ChatBot_v2,3,4,1,1,0,9,12,3,1,0,0,2,3,1,1,0,0,0,0,0,0,MIXED
ChatBot__ChatBot_v2__to__ChatBot_v3,4,4,0,0,0,12,12,0,0,0,1,3,4,1,1,0,0,0,0,0,0,MIXED
ChemLab__ChemLab_v1__to__ChemLab_v2,3,4,1,1,0,9,12,3,1,0,0,2,3,1,1,0,0,0,0,0,0,MIXED
ChemLab__ChemLab_v2__to__ChemLab_v3,4,4,0,0,0,12,12,0,0,0,1,3,4,1,1,0,0,0,0,0,0,MIXED
CI_CD__CI_CD_v1__to__CI_CD_v2,3,4,1,1,0,9,12,3,1,0,0,2,3,1,1,0,0,0,0,0,0,MIXED
CI_CD__CI_CD_v2__to__CI_CD_v3,4,4,0,0,0,12,12,0,0,0,1,3,4,1,1,0,0,0,0,0,0,MIXED
clinic__clinic_v1__to__clinic_v2,3,4,1,1,0,9,12,3,1,0,0,2,3,1,1,0,0,0,0,0,0,MIXED
clinic__clinic_v2__to__clinic_v3,4,4,0,0,0,12,12,0,0,0,1,3,4,1,1,0,0,0,0,0,0,MIXED
CloudSec__CloudSec_v1__to__CloudSec_v2,3,4,1,1,0,9,12,3,1,0,0,2,3,1,1,0,0,0,0,0,0,MIXED
CloudSec__CloudSec_v2__to__CloudSec_v3,4,4,0,0,0,12,12,0,0,0,1,3,4,1,1,0,0,0,0,0,0,MIXED
company__company_v1__to__company_v2,3,4,1,1,0,9,12,3,1,0,0,2,3,1,1,0,0,0,0,0,0,MIXED
company__company_v2__to__company_v3,4,4,0,0,0,12,12,0,0,0,1,3,4,1,1,0,0,0,0,0,0,MIXED
CustRel__CustRel_v1__to__CustRel_v2,3,4,1,1,0,9,12,3,1,0,0,2,3,1,1,0,0,0,0,0,0,MIXED
CustRel__CustRel_v2__to__CustRel_v3,4,4,0,0,0,12,12,0,0,0,1,3,4,1,1,0,0,0,0,0,0,MIXED
DataGov__DataGov_v1__to__DataGov_v2,3,4,1,1,0,9,12,3,1,0,0,2,3,1,1,0,0,0,0,0,0,MIXED
DataGov__DataGov_v2__to__DataGov_v3,4,4,0,0,0,12,12,0,0,0,1,3,4,1,1,0,0,0,0,0,0,MIXED
DataWare__DataWare_v1__to__DataWare_v2,3,4,1,1,0,9,12,3,1,0,0,2,3,1,1,0,0,0,0,0,0,MIXED
DataWare__DataWare_v2__to__DataWare_v3,4,4,0,0,0,12,12,0,0,0,1,3,4,1,1,0,0,0,0,0,0,MIXED
data__data_v1__to__data_v2,3,4,1,1,0,9,12,3,1,0,0,2,3,1,1,0,0,0,0,0,0,MIXED
data__data_v2__to__data_v3,4,4,0,0,0,12,12,0,0,0,1,3,4,1,1,0,0,0,0,0,0,MIXED
DeplyPipe__DeplyPipe_v1__to__DeplyPipe_v2,3,4,1,1,0,9,12,3,1,0,0,2,3,1,1,0,0,0,0,0,0,MIXED
DeplyPipe__DeplyPipe_v2__to__DeplyPipe_v3,4,4,0,0,0,12,12,0,0,0,1,3,4,1,1,0,0,0,0,0,0,MIXED
DocMgmt__DocMgmt_v1__to__DocMgmt_v2,3,4,1,1,0,9,12,3,1,0,0,2,3,1,1,0,0,0,0,0,0,MIXED
DocMgmt__DocMgmt_v2__to__DocMgmt_v3,4,4,0,0,0,12,12,0,0,0,1,3,4,1,1,0,0,0,0,0,0,MIXED
domains__3DPrint_v1__to__3DPrint_v2,3,4,1,1,0,9,12,3,1,0,0,2,3,1,1,0,0,0,0,0,0,MIXED
domains__3DPrint_v2__to__3DPrint_v3,4,4,0,0,0,12,12,0,0,0,1,3,4,1,1,0,0,0,0,0,0,MIXED
domains__AeroEng_v1__to__AeroEng_v2,3,4,1,1,0,9,12,3,1,0,0,2,3,1,1,0,0,0,0,0,0,MIXED
domains__AeroEng_v2__to__AeroEng_v3,4,4,0,0,0,12,12,0,0,0,1,3,4,1,1,0,0,0,0,0,0,MIXED
domains__AgriFarm_v1__to__AgriFarm_v2,3,4,1,1,0,9,12,3,1,0,0,2,3,1,1,0,0,0,0,0,0,MIXED
domains__AgriFarm_v2__to__AgriFarm_v3,4,4,0,0,0,12,12,0,0,0,1,3,4,1,1,0,0,0,0,0,0,MIXED
domains__AirTraffic_v1__to__AirTraffic_v2,3,4,1,1,0,9,12,3,1,0,0,2,3,1,1,0,0,0,0,0,0,MIXED
domains__AirTraffic_v2__to__AirTraffic_v3,4,4,0,0,0,12,12,0,0,0,1,3,4,1,1,0,0,0,0,0,0,MIXED
domains__AR_VR_v1__to__AR_VR_v2,3,4,1,1,0,9,12,3,1,0,0,2,3,1,1,0,0,0,0,0,0,MIXED
domains__AR_VR_v2__to__AR_VR_v3,4,4,0,0,0,12,12,0,0,0,1,3,4,1,1,0,0,0,0,0,0,MIXED
domains__AutoDiag_v1__to__AutoDiag_v2,3,4,1,1,0,9,12,3,1,0,0,2,3,1,1,0,0,0,0,0,0,MIXED
domains__AutoDiag_v2__to__AutoDiag_v3,4,4,0,0,0,12,12,0,0,0,1,3,4,1,1,0,0,0,0,0,0,MIXED
domains__banking_v1__to__banking_v2,3,4,1,1,0,9,12,3,1,0,0,2,3,1,1,0,0,0,0,0,0,MIXED
domains__banking_v2__to__banking_v3,4,4,0,0,0,12,12,0,0,0,1,3,4,1,1,0,0,0,0,0,0,MIXED
domains__banking_v3__to__banking_v4,4,4,0,4,4,12,18,6,0,0,0,4,3,-1,0,0,0,0,0,0,1,MIXED
domains__bank_v1__to__bank_v2,3,4,1,1,0,9,12,3,1,0,0,2,3,1,1,0,0,0,0,0,0,MIXED
domains__bank_v2__to__bank_v3,4,4,0,0,0,12,12,0,0,0,1,3,4,1,1,0,0,0,0,0,0,MIXED
domains__BigData_v1__to__BigData_v2,3,4,1,1,0,9,12,3,1,0,0,2,3,1,1,0,0,0,0,0,0,MIXED
domains__BigData_v2__to__BigData_v3,4,4,0,0,0,12,12,0,0,0,1,3,4,1,1,0,0,0,0,0,0,MIXED
domains__BioMed_v1__to__BioMed_v2,3,4,1,1,0,9,12,3,1,0,0,2,3,1,1,0,0,0,0,0,0,MIXED
domains__BioMed_v2__to__BioMed_v3,4,4,0,0,0,12,12,0,0,0,1,3,4,1,1,0,0,0,0,0,0,MIXED
domains__BugTrack_v1__to__BugTrack_v2,3,4,1,1,0,9,12,3,1,0,0,2,3,1,1,0,0,0,0,0,0,MIXED
domains__BugTrack_v2__to__BugTrack_v3,4,4,0,0,0,12,12,0,0,0,1,3,4,1,1,0,0,0,0,0,0,MIXED
domains__BusIntel_v1__to__BusIntel_v2,3,4,1,1,0,9,12,3,1,0,0,2,3,1,1,0,0,0,0,0,0,MIXED
domains__BusIntel_v2__to__BusIntel_v3,4,4,0,0,0,12,12,0,0,0,1,3,4,1,1,0,0,0,0,0,0,MIXED
domains__CAD_CAM_v1__to__CAD_CAM_v2,3,4,1,1,0,9,12,3,1,0,0,2,3,1,1,0,0,0,0,0,0,MIXED
domains__CAD_CAM_v2__to__CAD_CAM_v3,4,4,0,0,0,12,12,0,0,0,1,3,4,1,1,0,0,0,0,0,0,MIXED
domains__ChatBot_v1__to__ChatBot_v2,3,4,1,1,0,9,12,3,1,0,0,2,3,1,1,0,0,0,0,0,0,MIXED
domains__ChatBot_v2__to__ChatBot_v3,4,4,0,0,0,12,12,0,0,0,1,3,4,1,1,0,0,0,0,0,0,MIXED
domains__ChemLab_v1__to__ChemLab_v2,3,4,1,1,0,9,12,3,1,0,0,2,3,1,1,0,0,0,0,0,0,MIXED
domains__ChemLab_v2__to__ChemLab_v3,4,4,0,0,0,12,12,0,0,0,1,3,4,1,1,0,0,0,0,0,0,MIXED
domains__CI_CD_v1__to__CI_CD_v2,3,4,1,1,0,9,12,3,1,0,0,2,3,1,1,0,0,0,0,0,0,MIXED
domains__CI_CD_v2__to__CI_CD_v3,4,4,0,0,0,12,12,0,0,0,1,3,4,1,1,0,0,0,0,0,0,MIXED
domains__clinic_v1__to__clinic_v2,3,4,1,1,0,9,12,3,1,0,0,2,3,1,1,0,0,0,0,0,0,MIXED
domains__clinic_v2__to__clinic_v3,4,4,0,0,0,12,12,0,0,0,1,3,4,1,1,0,0,0,0,0,0,MIXED
domains__CloudSec_v1__to__CloudSec_v2,3,4,1,1,0,9,12,3,1,0,0,2,3,1,1,0,0,0,0,0,0,MIXED
domains__CloudSec_v2__to__CloudSec_v3,4,4,0,0,0,12,12,0,0,0,1,3,4,1,1,0,0,0,0,0,0,MIXED
domains__company_v1__to__company_v2,3,4,1,1,0,9,12,3,1,0,0,2,3,1,1,0,0,0,0,0,0,MIXED
domains__company_v2__to__company_v3,4,4,0,0,0,12,12,0,0,0,1,3,4,1,1,0,0,0,0,0,0,MIXED
domains__CustRel_v1__to__CustRel_v2,3,4,1,1,0,9,12,3,1,0,0,2,3,1,1,0,0,0,0,0,0,MIXED
domains__CustRel_v2__to__CustRel_v3,4,4,0,0,0,12,12,0,0,0,1,3,4,1,1,0,0,0,0,0,0,MIXED
domains__DataGov_v1__to__DataGov_v2,3,4,1,1,0,9,12,3,1,0,0,2,3,1,1,0,0,0,0,0,0,MIXED
domains__DataGov_v2__to__DataGov_v3,4,4,0,0,0,12,12,0,0,0,1,3,4,1,1,0,0,0,0,0,0,MIXED
domains__DataWare_v1__to__DataWare_v2,3,4,1,1,0,9,12,3,1,0,0,2,3,1,1,0,0,0,0,0,0,MIXED
domains__DataWare_v2__to__DataWare_v3,4,4,0,0,0,12,12,0,0,0,1,3,4,1,1,0,0,0,0,0,0,MIXED
domains__data_v1__to__data_v2,3,4,1,1,0,9,12,3,1,0,0,2,3,1,1,0,0,0,0,0,0,MIXED
domains__data_v2__to__data_v3,4,4,0,0,0,12,12,0,0,0,1,3,4,1,1,0,0,0,0,0,0,MIXED
domains__DeplyPipe_v1__to__DeplyPipe_v2,3,4,1,1,0,9,12,3,1,0,0,2,3,1,1,0,0,0,0,0,0,MIXED
domains__DeplyPipe_v2__to__DeplyPipe_v3,4,4,0,0,0,12,12,0,0,0,1,3,4,1,1,0,0,0,0,0,0,MIXED
domains__DocMgmt_v1__to__DocMgmt_v2,3,4,1,1,0,9,12,3,1,0,0,2,3,1,1,0,0,0,0,0,0,MIXED
domains__DocMgmt_v2__to__DocMgmt_v3,4,4,0,0,0,12,12,0,0,0,1,3,4,1,1,0,0,0,0,0,0,MIXED
domains__DroneNav_v1__to__DroneNav_v2,3,4,1,1,0,9,12,3,1,0,0,2,3,1,1,0,0,0,0,0,0,MIXED
domains__DroneNav_v2__to__DroneNav_v3,4,4,0,0,0,12,12,0,0,0,1,3,4,1,1,0,0,0,0,0,0,MIXED
domains__ecommerce_v1__to__ecommerce_v2,3,4,1,1,0,9,12,3,1,0,0,2,3,1,1,0,0,0,0,0,0,MIXED
domains__ecommerce_v2__to__ecommerce_v3,4,4,0,0,0,12,12,0,0,0,1,3,4,1,1,0,0,0,0,0,0,MIXED
domains__EduPlat_v1__to__EduPlat_v2,3,4,1,1,0,9,12,3,1,0,0,2,3,1,1,0,0,0,0,0,0,MIXED
domains__EduPlat_v2__to__EduPlat_v3,4,4,0,0,0,12,12,0,0,0,1,3,4,1,1,0,0,0,0,0,0,MIXED
domains__EnergyGrid_v1__to__EnergyGrid_v2,3,4,1,1,0,9,12,3,1,0,0,2,3,1,1,0,0,0,0,0,0,MIXED
domains__EnergyGrid_v2__to__EnergyGrid_v3,4,4,0,0,0,12,12,0,0,0,1,3,4,1,1,0,0,0,0,0,0,MIXED
domains__fleet_v1__to__fleet_v2,3,4,1,1,0,9,12,3,1,0,0,2,3,1,1,0,0,0,0,0,0,MIXED
domains__fleet_v2__to__fleet_v3,4,4,0,0,0,12,12,0,0,0,1,3,4,1,1,0,0,0,0,0,0,MIXED
domains__GameDev_v1__to__GameDev_v2,3,4,1,1,0,9,12,3,1,0,0,2,3,1,1,0,0,0,0,0,0,MIXED
domains__GameDev_v2__to__GameDev_v3,4,4,0,0,0,12,12,0,0,0,1,3,4,1,1,0,0,0,0,0,0,MIXED
domains__GraphDB_v1__to__GraphDB_v2,3,4,1,1,0,9,12,3,1,0,0,2,3,1,1,0,0,0,0,0,0,MIXED
domains__GraphDB_v2__to__GraphDB_v3,4,4,0,0,0,12,12,0,0,0,1,3,4,1,1,0,0,0,0,0,0,MIXED
domains__hospital_v1__to__hospital_v2,3,4,1,1,0,9,12,3,1,0,0,2,3,1,1,0,0,0,0,0,0,MIXED
domains__hospital_v2__to__hospital_v3,4,4,0,0,0,12,12,0,0,0,1,3,4,1,1,0,0,0,0,0,0,MIXED
domains__HRRecruit_v1__to__HRRecruit_v2,3,4,1,1,0,9,12,3,1,0,0,2,3,1,1,0,0,0,0,0,0,MIXED
domains__HRRecruit_v2__to__HRRecruit_v3,4,4,0,0,0,12,12,0,0,0,1,3,4,1,1,0,0,0,0,0,0,MIXED
domains__ImageProc_v1__to__ImageProc_v2,3,4,1,1,0,9,12,3,1,0,0,2,3,1,1,0,0,0,0,0,0,MIXED
domains__ImageProc_v2__to__ImageProc_v3,4,4,0,0,0,12,12,0,0,0,1,3,4,1,1,0,0,0,0,0,0,MIXED
domains__Insurance_v1__to__Insurance_v2,3,4,1,1,0,9,12,3,1,0,0,2,3,1,1,0,0,0,0,0,0,MIXED
domains__Insurance_v2__to__Insurance_v3,4,4,0,0,0,12,12,0,0,0,1,3,4,1,1,0,0,0,0,0,0,MIXED
domains__InvMgmt_v1__to__InvMgmt_v2,3,4,1,1,0,9,12,3,1,0,0,2,3,1,1,0,0,0,0,0,0,MIXED
domains__InvMgmt_v2__to__InvMgmt_v3,4,4,0,0,0,12,12,0,0,0,1,3,4,1,1,0,0,0,0,0,0,MIXED
domains__KnowBase_v1__to__KnowBase_v2,3,4,1,1,0,9,12,3,1,0,0,2,3,1,1,0,0,0,0,0,0,MIXED
domains__KnowBase_v2__to__KnowBase_v3,4,4,0,0,0,12,12,0,0,0,1,3,4,1,1,0,0,0,0,0,0,MIXED
domains__LegalDoc_v1__to__LegalDoc_v2,3,4,1,1,0,9,12,3,1,0,0,2,3,1,1,0,0,0,0,0,0,MIXED
domains__LegalDoc_v2__to__LegalDoc_v3,4,4,0,0,0,12,12,0,0,0,1,3,4,1,1,0,0,0,0,0,0,MIXED
domains__library_v1__to__library_v2,3,4,1,1,0,9,12,3,1,0,0,2,3,1,1,0,0,0,0,0,0,MIXED
domains__library_v2__to__library_v3,4,4,0,0,0,12,12,0,0,0,1,3,4,1,1,0,0,0,0,0,0,MIXED
domains__LogAnal_v1__to__LogAnal_v2,3,4,1,1,0,9,12,3,1,0,0,2,3,1,1,0,0,0,0,0,0,MIXED
domains__LogAnal_v2__to__LogAnal_v3,4,4,0,0,0,12,12,0,0,0,1,3,4,1,1,0,0,0,0,0,0,MIXED
domains__Logistics_v1__to__Logistics_v2,3,4,1,1,0,9,12,3,1,0,0,2,3,1,1,0,0,0,0,0,0,MIXED
domains__Logistics_v2__to__Logistics_v3,4,4,0,0,0,12,12,0,0,0,1,3,4,1,1,0,0,0,0,0,0,MIXED
domains__Manufacturing_v1__to__Manufacturing_v2,3,4,1,1,0,9,12,3,1,0,0,2,3,1,1,0,0,0,0,0,0,MIXED
domains__Manufacturing_v2__to__Manufacturing_v3,4,4,0,0,0,12,12,0,0,0,1,3,4,1,1,0,0,0,0,0,0,MIXED
domains__Maritime_v1__to__Maritime_v2,3,4,1,1,0,9,12,3,1,0,0,2,3,1,1,0,0,0,0,0,0,MIXED
domains__Maritime_v2__to__Maritime_v3,4,4,0,0,0,12,12,0,0,0,1,3,4,1,1,0,0,0,0,0,0,MIXED
domains__MarketAnal_v1__to__MarketAnal_v2,3,4,1,1,0,9,12,3,1,0,0,2,3,1,1,0,0,0,0,0,0,MIXED
domains__MarketAnal_v2__to__MarketAnal_v3,4,4,0,0,0,12,12,0,0,0,1,3,4,1,1,0,0,0,0,0,0,MIXED
domains__MathModel_v1__to__MathModel_v2,3,4,1,1,0,9,12,3,1,0,0,2,3,1,1,0,0,0,0,0,0,MIXED
domains__MathModel_v2__to__MathModel_v3,4,4,0,0,0,12,12,0,0,0,1,3,4,1,1,0,0,0,0,0,0,MIXED
domains__metamodels_v1__to__metamodels_v2,3,4,1,1,0,9,12,3,1,0,0,2,3,1,1,0,0,0,0,0,0,MIXED
domains__metamodels_v2__to__metamodels_v3,4,4,0,0,0,12,12,0,0,0,1,3,4,1,1,0,0,0,0,0,0,MIXED
domains__MLPlat_v1__to__MLPlat_v2,3,4,1,1,0,9,12,3,1,0,0,2,3,1,1,0,0,0,0,0,0,MIXED
domains__MLPlat_v2__to__MLPlat_v3,4,4,0,0,0,12,12,0,0,0,1,3,4,1,1,0,0,0,0,0,0,MIXED
domains__models_v1__to__models_v2,3,4,1,1,0,9,12,3,1,0,0,2,3,1,1,0,0,0,0,0,0,MIXED
domains__models_v2__to__models_v3,4,4,0,0,0,12,12,0,0,0,1,3,4,1,1,0,0,0,0,0,0,MIXED
domains__MonitAlert_v1__to__MonitAlert_v2,3,4,1,1,0,9,12,3,1,0,0,2,3,1,1,0,0,0,0,0,0,MIXED
domains__MonitAlert_v2__to__MonitAlert_v3,4,4,0,0,0,12,12,0,0,0,1,3,4,1,1,0,0,0,0,0,0,MIXED
domains__NetSec_v1__to__NetSec_v2,3,4,1,1,0,9,12,3,1,0,0,2,3,1,1,0,0,0,0,0,0,MIXED
domains__NetSec_v2__to__NetSec_v3,4,4,0,0,0,12,12,0,0,0,1,3,4,1,1,0,0,0,0,0,0,MIXED
domains__NLPProc_v1__to__NLPProc_v2,3,4,1,1,0,9,12,3,1,0,0,2,3,1,1,0,0,0,0,0,0,MIXED
domains__NLPProc_v2__to__NLPProc_v3,4,4,0,0,0,12,12,0,0,0,1,3,4,1,1,0,0,0,0,0,0,MIXED
domains__PenTest_v1__to__PenTest_v2,3,4,1,1,0,9,12,3,1,0,0,2,3,1,1,0,0,0,0,0,0,MIXED
domains__PenTest_v2__to__PenTest_v3,4,4,0,0,0,12,12,0,0,0,1,3,4,1,1,0,0,0,0,0,0,MIXED
domains__PerfReview_v1__to__PerfReview_v2,3,4,1,1,0,9,12,3,1,0,0,2,3,1,1,0,0,0,0,0,0,MIXED
domains__PerfReview_v2__to__PerfReview_v3,4,4,0,0,0,12,12,0,0,0,1,3,4,1,1,0,0,0,0,0,0,MIXED
domains__PhysSim_v1__to__PhysSim_v2,3,4,1,1,0,9,12,3,1,0,0,2,3,1,1,0,0,0,0,0,0,MIXED
domains__PhysSim_v2__to__PhysSim_v3,4,4,0,0,0,12,12,0,0,0,1,3,4,1,1,0,0,0,0,0,0,MIXED
domains__PowerDist_v1__to__PowerDist_v2,3,4,1,1,0,9,12,3,1,0,0,2,3,1,1,0,0,0,0,0,0,MIXED
domains__PowerDist_v2__to__PowerDist_v3,4,4,0,0,0,12,12,0,0,0,1,3,4,1,1,0,0,0,0,0,0,MIXED
domains__PredMaint_v1__to__PredMaint_v2,3,4,1,1,0,9,12,3,1,0,0,2,3,1,1,0,0,0,0,0,0,MIXED
domains__PredMaint_v2__to__PredMaint_v3,4,4,0,0,0,12,12,0,0,0,1,3,4,1,1,0,0,0,0,0,0,MIXED
domains__ProcOpt_v1__to__ProcOpt_v2,3,4,1,1,0,9,12,3,1,0,0,2,3,1,1,0,0,0,0,0,0,MIXED
domains__ProcOpt_v2__to__ProcOpt_v3,4,4,0,0,0,12,12,0,0,0,1,3,4,1,1,0,0,0,0,0,0,MIXED
domains__ProjMgmt_v1__to__ProjMgmt_v2,3,4,1,1,0,9,12,3,1,0,0,2,3,1,1,0,0,0,0,0,0,MIXED
domains__ProjMgmt_v2__to__ProjMgmt_v3,4,4,0,0,0,12,12,0,0,0,1,3,4,1,1,0,0,0,0,0,0,MIXED
domains__QualCtrl_v1__to__QualCtrl_v2,3,4,1,1,0,9,12,3,1,0,0,2,3,1,1,0,0,0,0,0,0,MIXED
domains__QualCtrl_v2__to__QualCtrl_v3,4,4,0,0,0,12,12,0,0,0,1,3,4,1,1,0,0,0,0,0,0,MIXED
domains__RailCtrl_v1__to__RailCtrl_v2,3,4,1,1,0,9,12,3,1,0,0,2,3,1,1,0,0,0,0,0,0,MIXED
domains__RailCtrl_v2__to__RailCtrl_v3,4,4,0,0,0,12,12,0,0,0,1,3,4,1,1,0,0,0,0,0,0,MIXED
domains__RealEstate_v1__to__RealEstate_v2,3,4,1,1,0,9,12,3,1,0,0,2,3,1,1,0,0,0,0,0,0,MIXED
domains__RealEstate_v2__to__RealEstate_v3,4,4,0,0,0,12,12,0,0,0,1,3,4,1,1,0,0,0,0,0,0,MIXED
domains__RecSys_v1__to__RecSys_v2,3,4,1,1,0,9,12,3,1,0,0,2,3,1,1,0,0,0,0,0,0,MIXED
domains__RecSys_v2__to__RecSys_v3,4,4,0,0,0,12,12,0,0,0,1,3,4,1,1,0,0,0,0,0,0,MIXED
domains__ResearchDB_v1__to__ResearchDB_v2,3,4,1,1,0,9,12,3,1,0,0,2,3,1,1,0,0,0,0,0,0,MIXED
domains__ResearchDB_v2__to__ResearchDB_v3,4,4,0,0,0,12,12,0,0,0,1,3,4,1,1,0,0,0,0,0,0,MIXED
domains__RetailPOS_v1__to__RetailPOS_v2,3,4,1,1,0,9,12,3,1,0,0,2,3,1,1,0,0,0,0,0,0,MIXED
domains__RetailPOS_v2__to__RetailPOS_v3,4,4,0,0,0,12,12,0,0,0,1,3,4,1,1,0,0,0,0,0,0,MIXED
domains__RiskMgmt_v1__to__RiskMgmt_v2,3,4,1,1,0,9,12,3,1,0,0,2,3,1,1,0,0,0,0,0,0,MIXED
domains__RiskMgmt_v2__to__RiskMgmt_v3,4,4,0,0,0,12,12,0,0,0,1,3,4,1,1,0,0,0,0,0,0,MIXED
domains__RoboCtrl_v1__to__RoboCtrl_v2,3,4,1,1,0,9,12,3,1,0,0,2,3,1,1,0,0,0,0,0,0,MIXED
domains__RoboCtrl_v2__to__RoboCtrl_v3,4,4,0,0,0,12,12,0,0,0,1,3,4,1,1,0,0,0,0,0,0,MIXED
domains__SalesForce_v1__to__SalesForce_v2,3,4,1,1,0,9,12,3,1,0,0,2,3,1,1,0,0,0,0,0,0,MIXED
domains__SalesForce_v2__to__SalesForce_v3,4,4,0,0,0,12,12,0,0,0,1,3,4,1,1,0,0,0,0,0,0,MIXED
domains__school_v1__to__school_v2,3,4,1,1,0,9,12,3,1,0,0,2,3,1,1,0,0,0,0,0,0,MIXED
domains__school_v2__to__school_v3,4,4,0,0,0,12,12,0,0,0,1,3,4,1,1,0,0,0,0,0,0,MIXED
domains__SecScan_v1__to__SecScan_v2,3,4,1,1,0,9,12,3,1,0,0,2,3,1,1,0,0,0,0,0,0,MIXED
domains__SecScan_v2__to__SecScan_v3,4,4,0,0,0,12,12,0,0,0,1,3,4,1,1,0,0,0,0,0,0,MIXED
domains__SecurCam_v1__to__SecurCam_v2,3,4,1,1,0,9,12,3,1,0,0,2,3,1,1,0,0,0,0,0,0,MIXED
domains__SecurCam_v2__to__SecurCam_v3,4,4,0,0,0,12,12,0,0,0,1,3,4,1,1,0,0,0,0,0,0,MIXED
domains__SentAnal_v1__to__SentAnal_v2,3,4,1,1,0,9,12,3,1,0,0,2,3,1,1,0,0,0,0,0,0,MIXED
domains__SentAnal_v2__to__SentAnal_v3,4,4,0,0,0,12,12,0,0,0,1,3,4,1,1,0,0,0,0,0,0,MIXED
domains__shop_v1__to__shop_v2,3,4,1,1,0,9,12,3,1,0,0,2,3,1,1,0,0,0,0,0,0,MIXED
domains__shop_v2__to__shop_v3,4,4,0,0,0,12,12,0,0,0,1,3,4,1,1,0,0,0,0,0,0,MIXED
domains__shop_v3__to__shop_v4,4,4,0,1,1,12,15,3,11,8,0,4,5,1,1,2,1,0,1,0,1,MIXED
domains__SimModel_v1__to__SimModel_v2,3,4,1,1,0,9,12,3,1,0,0,2,3,1,1,0,0,0,0,0,0,MIXED
domains__SimModel_v2__to__SimModel_v3,4,4,0,0,0,12,12,0,0,0,1,3,4,1,1,0,0,0,0,0,0,MIXED
domains__SmartCity_v1__to__SmartCity_v2,3,4,1,1,0,9,12,3,1,0,0,2,3,1,1,0,0,0,0,0,0,MIXED
domains__SmartCity_v2__to__SmartCity_v3,4,4,0,0,0,12,12,0,0,0,1,3,4,1,1,0,0,0,0,0,0,MIXED
domains__smartgrid_v1__to__smartgrid_v2,3,4,1,1,0,9,12,3,1,0,0,2,3,1,1,0,0,0,0,0,0,MIXED
domains__smartgrid_v2__to__smartgrid_v3,4,4,0,0,0,12,12,0,0,0,1,3,4,1,1,0,0,0,0,0,0,MIXED
domains__SpatData_v1__to__SpatData_v2,3,4,1,1,0,9,12,3,1,0,0,2,3,1,1,0,0,0,0,0,0,MIXED
domains__SpatData_v2__to__SpatData_v3,4,4,0,0,0,12,12,0,0,0,1,3,4,1,1,0,0,0,0,0,0,MIXED
domains__StatAnal_v1__to__StatAnal_v2,3,4,1,1,0,9,12,3,1,0,0,2,3,1,1,0,0,0,0,0,0,MIXED
domains__StatAnal_v2__to__StatAnal_v3,4,4,0,0,0,12,12,0,0,0,1,3,4,1,1,0,0,0,0,0,0,MIXED
domains__StreamProc_v1__to__StreamProc_v2,3,4,1,1,0,9,12,3,1,0,0,2,3,1,1,0,0,0,0,0,0,MIXED
domains__StreamProc_v2__to__StreamProc_v3,4,4,0,0,0,12,12,0,0,0,1,3,4,1,1,0,0,0,0,0,0,MIXED
domains__SupplyChain_v1__to__SupplyChain_v2,3,4,1,1,0,9,12,3,1,0,0,2,3,1,1,0,0,0,0,0,0,MIXED
domains__SupplyChain_v2__to__SupplyChain_v3,4,4,0,0,0,12,12,0,0,0,1,3,4,1,1,0,0,0,0,0,0,MIXED
domains__SurveilSys_v1__to__SurveilSys_v2,3,4,1,1,0,9,12,3,1,0,0,2,3,1,1,0,0,0,0,0,0,MIXED
domains__SurveilSys_v2__to__SurveilSys_v3,4,4,0,0,0,12,12,0,0,0,1,3,4,1,1,0,0,0,0,0,0,MIXED
domains__TaskTrack_v1__to__TaskTrack_v2,3,4,1,1,0,9,12,3,1,0,0,2,3,1,1,0,0,0,0,0,0,MIXED
domains__TaskTrack_v2__to__TaskTrack_v3,4,4,0,0,0,12,12,0,0,0,1,3,4,1,1,0,0,0,0,0,0,MIXED
domains__TelecomNet_v1__to__TelecomNet_v2,3,4,1,1,0,9,12,3,1,0,0,2,3,1,1,0,0,0,0,0,0,MIXED
domains__TelecomNet_v2__to__TelecomNet_v3,4,4,0,0,0,12,12,0,0,0,1,3,4,1,1,0,0,0,0,0,0,MIXED
domains__TestAuto_v1__to__TestAuto_v2,3,4,1,1,0,9,12,3,1,0,0,2,3,1,1,0,0,0,0,0,0,MIXED
domains__TestAuto_v2__to__TestAuto_v3,4,4,0,0,0,12,12,0,0,0,1,3,4,1,1,0,0,0,0,0,0,MIXED
domains__TextMine_v1__to__TextMine_v2,3,4,1,1,0,9,12,3,1,0,0,2,3,1,1,0,0,0,0,0,0,MIXED
domains__TextMine_v2__to__TextMine_v3,4,4,0,0,0,12,12,0,0,0,1,3,4,1,1,0,0,0,0,0,0,MIXED
domains__TimeSer_v1__to__TimeSer_v2,3,4,1,1,0,9,12,3,1,0,0,2,3,1,1,0,0,0,0,0,0,MIXED
domains__TimeSer_v2__to__TimeSer_v3,4,4,0,0,0,12,12,0,0,0,1,3,4,1,1,0,0,0,0,0,0,MIXED
domains__TrafficCtrl_v1__to__TrafficCtrl_v2,3,4,1,1,0,9,12,3,1,0,0,2,3,1,1,0,0,0,0,0,0,MIXED
domains__TrafficCtrl_v2__to__TrafficCtrl_v3,4,4,0,0,0,12,12,0,0,0,1,3,4,1,1,0,0,0,0,0,0,MIXED
domains__TrainPlat_v1__to__TrainPlat_v2,3,4,1,1,0,9,12,3,1,0,0,2,3,1,1,0,0,0,0,0,0,MIXED
domains__TrainPlat_v2__to__TrainPlat_v3,4,4,0,0,0,12,12,0,0,0,1,3,4,1,1,0,0,0,0,0,0,MIXED
domains__TranspSys_v1__to__TranspSys_v2,3,4,1,1,0,9,12,3,1,0,0,2,3,1,1,0,0,0,0,0,0,MIXED
domains__TranspSys_v2__to__TranspSys_v3,4,4,0,0,0,12,12,0,0,0,1,3,4,1,1,0,0,0,0,0,0,MIXED
domains__university_v1__to__university_v2,3,4,1,1,0,9,12,3,1,0,0,2,3,1,1,0,0,0,0,0,0,MIXED
domains__university_v2__to__university_v3,4,4,0,0,0,12,12,0,0,0,1,3,4,1,1,0,0,0,0,0,0,MIXED
domains__VidAnal_v1__to__VidAnal_v2,3,4,1,1,0,9,12,3,1,0,0,2,3,1,1,0,0,0,0,0,0,MIXED
domains__VidAnal_v2__to__VidAnal_v3,4,4,0,0,0,12,12,0,0,0,1,3,4,1,1,0,0,0,0,0,0,MIXED
domains__VisionSys_v1__to__VisionSys_v2,3,4,1,1,0,9,12,3,1,0,0,2,3,1,1,0,0,0,0,0,0,MIXED
domains__VisionSys_v2__to__VisionSys_v3,4,4,0,0,0,12,12,0,0,0,1,3,4,1,1,0,0,0,0,0,0,MIXED
domains__VoiceRec_v1__to__VoiceRec_v2,3,4,1,1,0,9,12,3,1,0,0,2,3,1,1,0,0,0,0,0,0,MIXED
domains__VoiceRec_v2__to__VoiceRec_v3,4,4,0,0,0,12,12,0,0,0,1,3,4,1,1,0,0,0,0,0,0,MIXED
domains__WasteMgmt_v1__to__WasteMgmt_v2,3,4,1,1,0,9,12,3,1,0,0,2,3,1,1,0,0,0,0,0,0,MIXED
domains__WasteMgmt_v2__to__WasteMgmt_v3,4,4,0,0,0,12,12,0,0,0,1,3,4,1,1,0,0,0,0,0,0,MIXED
domains__WaterUtil_v1__to__WaterUtil_v2,3,4,1,1,0,9,12,3,1,0,0,2,3,1,1,0,0,0,0,0,0,MIXED
domains__WaterUtil_v2__to__WaterUtil_v3,4,4,0,0,0,12,12,0,0,0,1,3,4,1,1,0,0,0,0,0,0,MIXED
DroneNav__DroneNav_v1__to__DroneNav_v2,3,4,1,1,0,9,12,3,1,0,0,2,3,1,1,0,0,0,0,0,0,MIXED
DroneNav__DroneNav_v2__to__DroneNav_v3,4,4,0,0,0,12,12,0,0,0,1,3,4,1,1,0,0,0,0,0,0,MIXED
ecommerce__ecommerce_v1__to__ecommerce_v2,3,4,1,1,0,9,12,3,1,0,0,2,3,1,1,0,0,0,0,0,0,MIXED
ecommerce__ecommerce_v2__to__ecommerce_v3,4,4,0,0,0,12,12,0,0,0,1,3,4,1,1,0,0,0,0,0,0,MIXED
EduPlat__EduPlat_v1__to__EduPlat_v2,3,4,1,1,0,9,12,3,1,0,0,2,3,1,1,0,0,0,0,0,0,MIXED
EduPlat__EduPlat_v2__to__EduPlat_v3,4,4,0,0,0,12,12,0,0,0,1,3,4,1,1,0,0,0,0,0,0,MIXED
EnergyGrid__EnergyGrid_v1__to__EnergyGrid_v2,3,4,1,1,0,9,12,3,1,0,0,2,3,1,1,0,0,0,0,0,0,MIXED
EnergyGrid__EnergyGrid_v2__to__EnergyGrid_v3,4,4,0,0,0,12,12,0,0,0,1,3,4,1,1,0,0,0,0,0,0,MIXED
fleet__fleet_v1__to__fleet_v2,3,4,1,1,0,9,12,3,1,0,0,2,3,1,1,0,0,0,0,0,0,MIXED
fleet__fleet_v2__to__fleet_v3,4,4,0,0,0,12,12,0,0,0,1,3,4,1,1,0,0,0,0,0,0,MIXED
GameDev__GameDev_v1__to__GameDev_v2,3,4,1,1,0,9,12,3,1,0,0,2,3,1,1,0,0,0,0,0,0,MIXED
GameDev__GameDev_v2__to__GameDev_v3,4,4,0,0,0,12,12,0,0,0,1,3,4,1,1,0,0,0,0,0,0,MIXED
GraphDB__GraphDB_v1__to__GraphDB_v2,3,4,1,1,0,9,12,3,1,0,0,2,3,1,1,0,0,0,0,0,0,MIXED
GraphDB__GraphDB_v2__to__GraphDB_v3,4,4,0,0,0,12,12,0,0,0,1,3,4,1,1,0,0,0,0,0,0,MIXED
hospital__hospital_v1__to__hospital_v2,3,4,1,1,0,9,12,3,1,0,0,2,3,1,1,0,0,0,0,0,0,MIXED
hospital__hospital_v2__to__hospital_v3,4,4,0,0,0,12,12,0,0,0,1,3,4,1,1,0,0,0,0,0,0,MIXED
HRRecruit__HRRecruit_v1__to__HRRecruit_v2,3,4,1,1,0,9,12,3,1,0,0,2,3,1,1,0,0,0,0,0,0,MIXED
HRRecruit__HRRecruit_v2__to__HRRecruit_v3,4,4,0,0,0,12,12,0,0,0,1,3,4,1,1,0,0,0,0,0,0,MIXED
ImageProc__ImageProc_v1__to__ImageProc_v2,3,4,1,1,0,9,12,3,1,0,0,2,3,1,1,0,0,0,0,0,0,MIXED
ImageProc__ImageProc_v2__to__ImageProc_v3,4,4,0,0,0,12,12,0,0,0,1,3,4,1,1,0,0,0,0,0,0,MIXED
Insurance__Insurance_v1__to__Insurance_v2,3,4,1,1,0,9,12,3,1,0,0,2,3,1,1,0,0,0,0,0,0,MIXED
Insurance__Insurance_v2__to__Insurance_v3,4,4,0,0,0,12,12,0,0,0,1,3,4,1,1,0,0,0,0,0,0,MIXED
InvMgmt__InvMgmt_v1__to__InvMgmt_v2,3,4,1,1,0,9,12,3,1,0,0,2,3,1,1,0,0,0,0,0,0,MIXED
InvMgmt__InvMgmt_v2__to__InvMgmt_v3,4,4,0,0,0,12,12,0,0,0,1,3,4,1,1,0,0,0,0,0,0,MIXED
KnowBase__KnowBase_v1__to__KnowBase_v2,3,4,1,1,0,9,12,3,1,0,0,2,3,1,1,0,0,0,0,0,0,MIXED
KnowBase__KnowBase_v2__to__KnowBase_v3,4,4,0,0,0,12,12,0,0,0,1,3,4,1,1,0,0,0,0,0,0,MIXED
LegalDoc__LegalDoc_v1__to__LegalDoc_v2,3,4,1,1,0,9,12,3,1,0,0,2,3,1,1,0,0,0,0,0,0,MIXED
LegalDoc__LegalDoc_v2__to__LegalDoc_v3,4,4,0,0,0,12,12,0,0,0,1,3,4,1,1,0,0,0,0,0,0,MIXED
library__library_v1__to__library_v2,3,4,1,1,0,9,12,3,1,0,0,2,3,1,1,0,0,0,0,0,0,MIXED
library__library_v2__to__library_v3,4,4,0,0,0,12,12,0,0,0,1,3,4,1,1,0,0,0,0,0,0,MIXED
LogAnal__LogAnal_v1__to__LogAnal_v2,3,4,1,1,0,9,12,3,1,0,0,2,3,1,1,0,0,0,0,0,0,MIXED
LogAnal__LogAnal_v2__to__LogAnal_v3,4,4,0,0,0,12,12,0,0,0,1,3,4,1,1,0,0,0,0,0,0,MIXED
Logistics__Logistics_v1__to__Logistics_v2,3,4,1,1,0,9,12,3,1,0,0,2,3,1,1,0,0,0,0,0,0,MIXED
Logistics__Logistics_v2__to__Logistics_v3,4,4,0,0,0,12,12,0,0,0,1,3,4,1,1,0,0,0,0,0,0,MIXED
Manufacturing__Manufacturing_v1__to__Manufacturing_v2,3,4,1,1,0,9,12,3,1,0,0,2,3,1,1,0,0,0,0,0,0,MIXED
Manufacturing__Manufacturing_v2__to__Manufacturing_v3,4,4,0,0,0,12,12,0,0,0,1,3,4,1,1,0,0,0,0,0,0,MIXED
Maritime__Maritime_v1__to__Maritime_v2,3,4,1,1,0,9,12,3,1,0,0,2,3,1,1,0,0,0,0,0,0,MIXED
Maritime__Maritime_v2__to__Maritime_v3,4,4,0,0,0,12,12,0,0,0,1,3,4,1,1,0,0,0,0,0,0,MIXED
MarketAnal__MarketAnal_v1__to__MarketAnal_v2,3,4,1,1,0,9,12,3,1,0,0,2,3,1,1,0,0,0,0,0,0,MIXED
MarketAnal__MarketAnal_v2__to__MarketAnal_v3,4,4,0,0,0,12,12,0,0,0,1,3,4,1,1,0,0,0,0,0,0,MIXED
MathModel__MathModel_v1__to__MathModel_v2,3,4,1,1,0,9,12,3,1,0,0,2,3,1,1,0,0,0,0,0,0,MIXED
MathModel__MathModel_v2__to__MathModel_v3,4,4,0,0,0,12,12,0,0,0,1,3,4,1,1,0,0,0,0,0,0,MIXED
metamodels__metamodels_v1__to__metamodels_v2,3,4,1,1,0,9,12,3,1,0,0,2,3,1,1,0,0,0,0,0,0,MIXED
metamodels__metamodels_v2__to__metamodels_v3,4,4,0,0,0,12,12,0,0,0,1,3,4,1,1,0,0,0,0,0,0,MIXED
MLPlat__MLPlat_v1__to__MLPlat_v2,3,4,1,1,0,9,12,3,1,0,0,2,3,1,1,0,0,0,0,0,0,MIXED
MLPlat__MLPlat_v2__to__MLPlat_v3,4,4,0,0,0,12,12,0,0,0,1,3,4,1,1,0,0,0,0,0,0,MIXED
models__models_v1__to__models_v2,3,4,1,1,0,9,12,3,1,0,0,2,3,1,1,0,0,0,0,0,0,MIXED
models__models_v2__to__models_v3,4,4,0,0,0,12,12,0,0,0,1,3,4,1,1,0,0,0,0,0,0,MIXED
MonitAlert__MonitAlert_v1__to__MonitAlert_v2,3,4,1,1,0,9,12,3,1,0,0,2,3,1,1,0,0,0,0,0,0,MIXED
MonitAlert__MonitAlert_v2__to__MonitAlert_v3,4,4,0,0,0,12,12,0,0,0,1,3,4,1,1,0,0,0,0,0,0,MIXED
NetSec__NetSec_v1__to__NetSec_v2,3,4,1,1,0,9,12,3,1,0,0,2,3,1,1,0,0,0,0,0,0,MIXED
NetSec__NetSec_v2__to__NetSec_v3,4,4,0,0,0,12,12,0,0,0,1,3,4,1,1,0,0,0,0,0,0,MIXED
NLPProc__NLPProc_v1__to__NLPProc_v2,3,4,1,1,0,9,12,3,1,0,0,2,3,1,1,0,0,0,0,0,0,MIXED
NLPProc__NLPProc_v2__to__NLPProc_v3,4,4,0,0,0,12,12,0,0,0,1,3,4,1,1,0,0,0,0,0,0,MIXED
PenTest__PenTest_v1__to__PenTest_v2,3,4,1,1,0,9,12,3,1,0,0,2,3,1,1,0,0,0,0,0,0,MIXED
PenTest__PenTest_v2__to__PenTest_v3,4,4,0,0,0,12,12,0,0,0,1,3,4,1,1,0,0,0,0,0,0,MIXED
PerfReview__PerfReview_v1__to__PerfReview_v2,3,4,1,1,0,9,12,3,1,0,0,2,3,1,1,0,0,0,0,0,0,MIXED
PerfReview__PerfReview_v2__to__PerfReview_v3,4,4,0,0,0,12,12,0,0,0,1,3,4,1,1,0,0,0,0,0,0,MIXED
PhysSim__PhysSim_v1__to__PhysSim_v2,3,4,1,1,0,9,12,3,1,0,0,2,3,1,1,0,0,0,0,0,0,MIXED
PhysSim__PhysSim_v2__to__PhysSim_v3,4,4,0,0,0,12,12,0,0,0,1,3,4,1,1,0,0,0,0,0,0,MIXED
PowerDist__PowerDist_v1__to__PowerDist_v2,3,4,1,1,0,9,12,3,1,0,0,2,3,1,1,0,0,0,0,0,0,MIXED
PowerDist__PowerDist_v2__to__PowerDist_v3,4,4,0,0,0,12,12,0,0,0,1,3,4,1,1,0,0,0,0,0,0,MIXED
PredMaint__PredMaint_v1__to__PredMaint_v2,3,4,1,1,0,9,12,3,1,0,0,2,3,1,1,0,0,0,0,0,0,MIXED
PredMaint__PredMaint_v2__to__PredMaint_v3,4,4,0,0,0,12,12,0,0,0,1,3,4,1,1,0,0,0,0,0,0,MIXED
ProcOpt__ProcOpt_v1__to__ProcOpt_v2,3,4,1,1,0,9,12,3,1,0,0,2,3,1,1,0,0,0,0,0,0,MIXED
ProcOpt__ProcOpt_v2__to__ProcOpt_v3,4,4,0,0,0,12,12,0,0,0,1,3,4,1,1,0,0,0,0,0,0,MIXED
ProjMgmt__ProjMgmt_v1__to__ProjMgmt_v2,3,4,1,1,0,9,12,3,1,0,0,2,3,1,1,0,0,0,0,0,0,MIXED
ProjMgmt__ProjMgmt_v2__to__ProjMgmt_v3,4,4,0,0,0,12,12,0,0,0,1,3,4,1,1,0,0,0,0,0,0,MIXED
QualCtrl__QualCtrl_v1__to__QualCtrl_v2,3,4,1,1,0,9,12,3,1,0,0,2,3,1,1,0,0,0,0,0,0,MIXED
QualCtrl__QualCtrl_v2__to__QualCtrl_v3,4,4,0,0,0,12,12,0,0,0,1,3,4,1,1,0,0,0,0,0,0,MIXED
RailCtrl__RailCtrl_v1__to__RailCtrl_v2,3,4,1,1,0,9,12,3,1,0,0,2,3,1,1,0,0,0,0,0,0,MIXED
RailCtrl__RailCtrl_v2__to__RailCtrl_v3,4,4,0,0,0,12,12,0,0,0,1,3,4,1,1,0,0,0,0,0,0,MIXED
RealEstate__RealEstate_v1__to__RealEstate_v2,3,4,1,1,0,9,12,3,1,0,0,2,3,1,1,0,0,0,0,0,0,MIXED
RealEstate__RealEstate_v2__to__RealEstate_v3,4,4,0,0,0,12,12,0,0,0,1,3,4,1,1,0,0,0,0,0,0,MIXED
RecSys__RecSys_v1__to__RecSys_v2,3,4,1,1,0,9,12,3,1,0,0,2,3,1,1,0,0,0,0,0,0,MIXED
RecSys__RecSys_v2__to__RecSys_v3,4,4,0,0,0,12,12,0,0,0,1,3,4,1,1,0,0,0,0,0,0,MIXED
ResearchDB__ResearchDB_v1__to__ResearchDB_v2,3,4,1,1,0,9,12,3,1,0,0,2,3,1,1,0,0,0,0,0,0,MIXED
ResearchDB__ResearchDB_v2__to__ResearchDB_v3,4,4,0,0,0,12,12,0,0,0,1,3,4,1,1,0,0,0,0,0,0,MIXED
RetailPOS__RetailPOS_v1__to__RetailPOS_v2,3,4,1,1,0,9,12,3,1,0,0,2,3,1,1,0,0,0,0,0,0,MIXED
RetailPOS__RetailPOS_v2__to__RetailPOS_v3,4,4,0,0,0,12,12,0,0,0,1,3,4,1,1,0,0,0,0,0,0,MIXED
RiskMgmt__RiskMgmt_v1__to__RiskMgmt_v2,3,4,1,1,0,9,12,3,1,0,0,2,3,1,1,0,0,0,0,0,0,MIXED
RiskMgmt__RiskMgmt_v2__to__RiskMgmt_v3,4,4,0,0,0,12,12,0,0,0,1,3,4,1,1,0,0,0,0,0,0,MIXED
RoboCtrl__RoboCtrl_v1__to__RoboCtrl_v2,3,4,1,1,0,9,12,3,1,0,0,2,3,1,1,0,0,0,0,0,0,MIXED
RoboCtrl__RoboCtrl_v2__to__RoboCtrl_v3,4,4,0,0,0,12,12,0,0,0,1,3,4,1,1,0,0,0,0,0,0,MIXED
SalesForce__SalesForce_v1__to__SalesForce_v2,3,4,1,1,0,9,12,3,1,0,0,2,3,1,1,0,0,0,0,0,0,MIXED
SalesForce__SalesForce_v2__to__SalesForce_v3,4,4,0,0,0,12,12,0,0,0,1,3,4,1,1,0,0,0,0,0,0,MIXED
school__school_v1__to__school_v2,3,4,1,1,0,9,12,3,1,0,0,2,3,1,1,0,0,0,0,0,0,MIXED
school__school_v2__to__school_v3,4,4,0,0,0,12,12,0,0,0,1,3,4,1,1,0,0,0,0,0,0,MIXED
SecScan__SecScan_v1__to__SecScan_v2,3,4,1,1,0,9,12,3,1,0,0,2,3,1,1,0,0,0,0,0,0,MIXED
SecScan__SecScan_v2__to__SecScan_v3,4,4,0,0,0,12,12,0,0,0,1,3,4,1,1,0,0,0,0,0,0,MIXED
SecurCam__SecurCam_v1__to__SecurCam_v2,3,4,1,1,0,9,12,3,1,0,0,2,3,1,1,0,0,0,0,0,0,MIXED
SecurCam__SecurCam_v2__to__SecurCam_v3,4,4,0,0,0,12,12,0,0,0,1,3,4,1,1,0,0,0,0,0,0,MIXED
SentAnal__SentAnal_v1__to__SentAnal_v2,3,4,1,1,0,9,12,3,1,0,0,2,3,1,1,0,0,0,0,0,0,MIXED
SentAnal__SentAnal_v2__to__SentAnal_v3,4,4,0,0,0,12,12,0,0,0,1,3,4,1,1,0,0,0,0,0,0,MIXED
shop__shop_v1__to__shop_v2,3,4,1,1,0,9,12,3,1,0,0,2,3,1,1,0,0,0,0,0,0,MIXED
shop__shop_v2__to__shop_v3,4,4,0,0,0,12,12,0,0,0,1,3,4,1,1,0,0,0,0,0,0,MIXED
shop__shop_v3__to__shop_v4,4,4,0,1,1,12,15,3,11,8,0,4,5,1,1,2,1,0,1,0,1,MIXED
SimModel__SimModel_v1__to__SimModel_v2,3,4,1,1,0,9,12,3,1,0,0,2,3,1,1,0,0,0,0,0,0,MIXED
SimModel__SimModel_v2__to__SimModel_v3,4,4,0,0,0,12,12,0,0,0,1,3,4,1,1,0,0,0,0,0,0,MIXED
SmartCity__SmartCity_v1__to__SmartCity_v2,3,4,1,1,0,9,12,3,1,0,0,2,3,1,1,0,0,0,0,0,0,MIXED
SmartCity__SmartCity_v2__to__SmartCity_v3,4,4,0,0,0,12,12,0,0,0,1,3,4,1,1,0,0,0,0,0,0,MIXED
smartgrid__smartgrid_v1__to__smartgrid_v2,3,4,1,1,0,9,12,3,1,0,0,2,3,1,1,0,0,0,0,0,0,MIXED
smartgrid__smartgrid_v2__to__smartgrid_v3,4,4,0,0,0,12,12,0,0,0,1,3,4,1,1,0,0,0,0,0,0,MIXED
SpatData__SpatData_v1__to__SpatData_v2,3,4,1,1,0,9,12,3,1,0,0,2,3,1,1,0,0,0,0,0,0,MIXED
SpatData__SpatData_v2__to__SpatData_v3,4,4,0,0,0,12,12,0,0,0,1,3,4,1,1,0,0,0,0,0,0,MIXED
StatAnal__StatAnal_v1__to__StatAnal_v2,3,4,1,1,0,9,12,3,1,0,0,2,3,1,1,0,0,0,0,0,0,MIXED
StatAnal__StatAnal_v2__to__StatAnal_v3,4,4,0,0,0,12,12,0,0,0,1,3,4,1,1,0,0,0,0,0,0,MIXED
StreamProc__StreamProc_v1__to__StreamProc_v2,3,4,1,1,0,9,12,3,1,0,0,2,3,1,1,0,0,0,0,0,0,MIXED
StreamProc__StreamProc_v2__to__StreamProc_v3,4,4,0,0,0,12,12,0,0,0,1,3,4,1,1,0,0,0,0,0,0,MIXED
SupplyChain__SupplyChain_v1__to__SupplyChain_v2,3,4,1,1,0,9,12,3,1,0,0,2,3,1,1,0,0,0,0,0,0,MIXED
SupplyChain__SupplyChain_v2__to__SupplyChain_v3,4,4,0,0,0,12,12,0,0,0,1,3,4,1,1,0,0,0,0,0,0,MIXED
SurveilSys__SurveilSys_v1__to__SurveilSys_v2,3,4,1,1,0,9,12,3,1,0,0,2,3,1,1,0,0,0,0,0,0,MIXED
SurveilSys__SurveilSys_v2__to__SurveilSys_v3,4,4,0,0,0,12,12,0,0,0,1,3,4,1,1,0,0,0,0,0,0,MIXED
TaskTrack__TaskTrack_v1__to__TaskTrack_v2,3,4,1,1,0,9,12,3,1,0,0,2,3,1,1,0,0,0,0,0,0,MIXED
TaskTrack__TaskTrack_v2__to__TaskTrack_v3,4,4,0,0,0,12,12,0,0,0,1,3,4,1,1,0,0,0,0,0,0,MIXED
TelecomNet__TelecomNet_v1__to__TelecomNet_v2,3,4,1,1,0,9,12,3,1,0,0,2,3,1,1,0,0,0,0,0,0,MIXED
TelecomNet__TelecomNet_v2__to__TelecomNet_v3,4,4,0,0,0,12,12,0,0,0,1,3,4,1,1,0,0,0,0,0,0,MIXED
TestAuto__TestAuto_v1__to__TestAuto_v2,3,4,1,1,0,9,12,3,1,0,0,2,3,1,1,0,0,0,0,0,0,MIXED
TestAuto__TestAuto_v2__to__TestAuto_v3,4,4,0,0,0,12,12,0,0,0,1,3,4,1,1,0,0,0,0,0,0,MIXED
TextMine__TextMine_v1__to__TextMine_v2,3,4,1,1,0,9,12,3,1,0,0,2,3,1,1,0,0,0,0,0,0,MIXED
TextMine__TextMine_v2__to__TextMine_v3,4,4,0,0,0,12,12,0,0,0,1,3,4,1,1,0,0,0,0,0,0,MIXED
TimeSer__TimeSer_v1__to__TimeSer_v2,3,4,1,1,0,9,12,3,1,0,0,2,3,1,1,0,0,0,0,0,0,MIXED
TimeSer__TimeSer_v2__to__TimeSer_v3,4,4,0,0,0,12,12,0,0,0,1,3,4,1,1,0,0,0,0,0,0,MIXED
TrafficCtrl__TrafficCtrl_v1__to__TrafficCtrl_v2,3,4,1,1,0,9,12,3,1,0,0,2,3,1,1,0,0,0,0,0,0,MIXED
TrafficCtrl__TrafficCtrl_v2__to__TrafficCtrl_v3,4,4,0,0,0,12,12,0,0,0,1,3,4,1,1,0,0,0,0,0,0,MIXED
TrainPlat__TrainPlat_v1__to__TrainPlat_v2,3,4,1,1,0,9,12,3,1,0,0,2,3,1,1,0,0,0,0,0,0,MIXED
TrainPlat__TrainPlat_v2__to__TrainPlat_v3,4,4,0,0,0,12,12,0,0,0,1,3,4,1,1,0,0,0,0,0,0,MIXED
TranspSys__TranspSys_v1__to__TranspSys_v2,3,4,1,1,0,9,12,3,1,0,0,2,3,1,1,0,0,0,0,0,0,MIXED
TranspSys__TranspSys_v2__to__TranspSys_v3,4,4,0,0,0,12,12,0,0,0,1,3,4,1,1,0,0,0,0,0,0,MIXED
university__university_v1__to__university_v2,3,4,1,1,0,9,12,3,1,0,0,2,3,1,1,0,0,0,0,0,0,MIXED
university__university_v2__to__university_v3,4,4,0,0,0,12,12,0,0,0,1,3,4,1,1,0,0,0,0,0,0,MIXED
VidAnal__VidAnal_v1__to__VidAnal_v2,3,4,1,1,0,9,12,3,1,0,0,2,3,1,1,0,0,0,0,0,0,MIXED
VidAnal__VidAnal_v2__to__VidAnal_v3,4,4,0,0,0,12,12,0,0,0,1,3,4,1,1,0,0,0,0,0,0,MIXED
VisionSys__VisionSys_v1__to__VisionSys_v2,3,4,1,1,0,9,12,3,1,0,0,2,3,1,1,0,0,0,0,0,0,MIXED
VisionSys__VisionSys_v2__to__VisionSys_v3,4,4,0,0,0,12,12,0,0,0,1,3,4,1,1,0,0,0,0,0,0,MIXED
VoiceRec__VoiceRec_v1__to__VoiceRec_v2,3,4,1,1,0,9,12,3,1,0,0,2,3,1,1,0,0,0,0,0,0,MIXED
VoiceRec__VoiceRec_v2__to__VoiceRec_v3,4,4,0,0,0,12,12,0,0,0,1,3,4,1,1,0,0,0,0,0,0,MIXED
WasteMgmt__WasteMgmt_v1__to__WasteMgmt_v2,3,4,1,1,0,9,12,3,1,0,0,2,3,1,1,0,0,0,0,0,0,MIXED
WasteMgmt__WasteMgmt_v2__to__WasteMgmt_v3,4,4,0,0,0,12,12,0,0,0,1,3,4,1,1,0,0,0,0,0,0,MIXED
WaterUtil__WaterUtil_v1__to__WaterUtil_v2,3,4,1,1,0,9,12,3,1,0,0,2,3,1,1,0,0,0,0,0,0,MIXED
WaterUtil__WaterUtil_v2__to__WaterUtil_v3,4,4,0,0,0,12,12,0,0,0,1,3,4,1,1,0,0,0,0,0,0,MIXED
